manufacturer,description,category
Dell,Secure Security Appliance Series 894X,Firewall
Dell,High Performance SAN Storage Array Series 594X,Storage
Dell,Ultra Tower Server Series 561X,Server
Dell,Robust Blade Server Series 138X,Server
Dell,Advanced Edge Gateway Series 320X,Gateway
Dell,Scalable Security Gateway Series 678X,Gateway
Dell,Secure Rack Server Series 420X,Server
Dell,Ultra Storage Unit Series 115X,Storage
Dell,Scalable Storage Unit Series 536X,Storage
Dell,Robust SAN Storage Array Series 284X,Storage
Dell,Enterprise Next-Gen Firewall Series 397X,Firewall
Dell,Advanced PoE Switch Series 382X,Switch
Dell,Ultra Tower Server Series 508X,Server
Dell,Advanced SAN Storage Array Series 302X,Storage
Dell,Secure Storage Unit Series 263X,Storage
Dell,Ultra Next-Gen Firewall Series 866X,Firewall
Dell,Advanced Security Gateway Series 289X,Gateway
Dell,Advanced Services Gateway Series 287X,Gateway
Dell,Scalable Next-Gen Firewall Series 205X,Firewall
Dell,Ultra Security Gateway Series 540X,Gateway
Dell,Enterprise Edge Router Series 618X,Router
Dell,Scalable Enterprise Router Series 773X,Router
Dell,Secure Services Gateway Series 821X,Gateway
Dell,Scalable Security Gateway Series 662X,Gateway
Dell,Advanced Edge Router Series 118X,Router
Dell,Scalable Gigabit Switch Series 156X,Switch
Dell,Scalable SAN Storage Array Series 694X,Storage
Dell,Advanced Edge Gateway Series 434X,Gateway
Dell,Advanced Storage Unit Series 199X,Storage
Dell,Advanced Gigabit Switch Series 357X,Switch
Dell,High Performance Tower Server Series 609X,Server
Dell,Robust Services Gateway Series 723X,Gateway
Dell,Ultra Blade Server Series 718X,Server
Dell,High Performance Unified Threat Management Series 696X,Firewall
Dell,Scalable Blade Server Series 270X,Server
Dell,Ultra Edge Gateway Series 602X,Gateway
Dell,Ultra Ethernet Switch Series 309X,Switch
Dell,High Performance Edge Gateway Series 540X,Gateway
Dell,Advanced Services Gateway Series 718X,Gateway
Dell,Secure Tower Server Series 317X,Server
Dell,Scalable Routerboard Series 287X,Router
Dell,Enterprise Edge Router Series 416X,Router
Dell,High Performance Gigabit Switch Series 193X,Switch
Dell,Enterprise Services Gateway Series 216X,Gateway
Dell,Advanced Next-Gen Firewall Series 534X,Firewall
Dell,Ultra Security Gateway Series 448X,Gateway
Dell,Scalable Edge Gateway Series 539X,Gateway
Dell,High Performance Security Appliance Series 944X,Firewall
Dell,High Performance Gigabit Switch Series 509X,Switch
Dell,Advanced NAS Storage Series 148X,Storage
HPE,High Performance PoE Switch Series 682X,Switch
HPE,Secure Services Gateway Series 135X,Gateway
HPE,Scalable Tower Server Series 889X,Server
HPE,Scalable Edge Router Series 580X,Router
HPE,Robust Tower Server Series 611X,Server
HPE,Ultra Storage Unit Series 737X,Storage
HPE,Advanced Storage Unit Series 470X,Storage
HPE,Enterprise NAS Storage Series 539X,Storage
HPE,Ultra Ethernet Switch Series 596X,Switch
HPE,Secure Enterprise Router Series 661X,Router
HPE,Enterprise Enterprise Router Series 916X,Router
HPE,Ultra Services Gateway Series 828X,Gateway
HPE,Secure Security Gateway Series 748X,Gateway
HPE,Robust Storage Unit Series 741X,Storage
HPE,Ultra PoE Switch Series 655X,Switch
HPE,Robust Ethernet Switch Series 271X,Switch
HPE,Scalable Blade Server Series 976X,Server
HPE,Secure Ethernet Switch Series 374X,Switch
HPE,Ultra Ethernet Switch Series 139X,Switch
HPE,Ultra Routerboard Series 841X,Router
HPE,Enterprise Routerboard Series 675X,Router
HPE,Robust Rack Server Series 384X,Server
HPE,Ultra SAN Storage Array Series 648X,Storage
HPE,Robust PoE Switch Series 362X,Switch
HPE,Secure Ethernet Switch Series 802X,Switch
HPE,High Performance Services Gateway Series 469X,Gateway
HPE,Secure Security Appliance Series 319X,Firewall
HPE,Advanced Rack Server Series 850X,Server
HPE,Secure Services Gateway Series 800X,Gateway
HPE,Advanced Tower Server Series 426X,Server
HPE,Robust Security Appliance Series 782X,Firewall
HPE,Scalable Edge Router Series 893X,Router
HPE,Robust Enterprise Router Series 146X,Router
HPE,High Performance NAS Storage Series 646X,Storage
HPE,High Performance Tower Server Series 610X,Server
HPE,Enterprise NAS Storage Series 664X,Storage
HPE,High Performance Blade Server Series 656X,Server
HPE,High Performance SAN Storage Array Series 740X,Storage
HPE,High Performance Gigabit Switch Series 295X,Switch
HPE,Enterprise Routerboard Series 731X,Router
HPE,High Performance SAN Storage Array Series 243X,Storage
HPE,High Performance Edge Router Series 847X,Router
HPE,Ultra Rack Server Series 315X,Server
HPE,Ultra Unified Threat Management Series 815X,Firewall
HPE,Ultra Blade Server Series 751X,Server
HPE,Advanced Gigabit Switch Series 716X,Switch
HPE,Secure Edge Router Series 509X,Router
HPE,Scalable Unified Threat Management Series 202X,Firewall
HPE,Scalable SAN Storage Array Series 960X,Storage
HPE,Robust Gigabit Switch Series 538X,Switch
Cisco,Ultra Tower Server Series 221X,Server
Cisco,Ultra Security Gateway Series 238X,Gateway
Cisco,Advanced Routerboard Series 384X,Router
Cisco,Advanced Edge Gateway Series 290X,Gateway
Cisco,High Performance Unified Threat Management Series 134X,Firewall
Cisco,Robust Tower Server Series 901X,Server
Cisco,Secure Security Gateway Series 351X,Gateway
Cisco,Ultra Gigabit Switch Series 420X,Switch
Cisco,Advanced Tower Server Series 313X,Server
Cisco,High Performance Services Gateway Series 929X,Gateway
Cisco,Secure Edge Gateway Series 576X,Gateway
Cisco,Scalable Services Gateway Series 543X,Gateway
Cisco,Enterprise Next-Gen Firewall Series 343X,Firewall
Cisco,High Performance SAN Storage Array Series 306X,Storage
Cisco,Advanced Gigabit Switch Series 371X,Switch
Cisco,Scalable Ethernet Switch Series 636X,Switch
Cisco,Secure Unified Threat Management Series 198X,Firewall
Cisco,High Performance Next-Gen Firewall Series 920X,Firewall
Cisco,High Performance Next-Gen Firewall Series 190X,Firewall
Cisco,Enterprise Tower Server Series 768X,Server
Cisco,Advanced Ethernet Switch Series 587X,Switch
Cisco,Ultra Security Gateway Series 590X,Gateway
Cisco,Scalable PoE Switch Series 261X,Switch
Cisco,Robust Services Gateway Series 618X,Gateway
Cisco,Enterprise Tower Server Series 591X,Server
Cisco,Advanced Rack Server Series 969X,Server
Cisco,Scalable Ethernet Switch Series 806X,Switch
Cisco,Advanced Rack Server Series 272X,Server
Cisco,Robust Blade Server Series 692X,Server
Cisco,Ultra Unified Threat Management Series 144X,Firewall
Cisco,Ultra Rack Server Series 389X,Server
Cisco,High Performance Next-Gen Firewall Series 474X,Firewall
Cisco,Robust Tower Server Series 623X,Server
Cisco,Secure Blade Server Series 728X,Server
Cisco,Secure Enterprise Router Series 176X,Router
Cisco,Advanced Rack Server Series 991X,Server
Cisco,Robust Unified Threat Management Series 421X,Firewall
Cisco,Enterprise NAS Storage Series 438X,Storage
Cisco,High Performance PoE Switch Series 287X,Switch
Cisco,High Performance Services Gateway Series 866X,Gateway
Cisco,Scalable Blade Server Series 215X,Server
Cisco,Robust Edge Gateway Series 419X,Gateway
Cisco,Secure Blade Server Series 542X,Server
Cisco,Ultra Blade Server Series 535X,Server
Cisco,Scalable PoE Switch Series 283X,Switch
Cisco,Secure Rack Server Series 834X,Server
Cisco,Ultra SAN Storage Array Series 131X,Storage
Cisco,Scalable Security Gateway Series 919X,Gateway
Cisco,Advanced Enterprise Router Series 250X,Router
Cisco,Advanced Routerboard Series 938X,Router
Lenovo,Advanced Enterprise Router Series 275X,Router
Lenovo,Advanced Rack Server Series 938X,Server
Lenovo,Advanced Enterprise Router Series 117X,Router
Lenovo,High Performance Services Gateway Series 462X,Gateway
Lenovo,Ultra Routerboard Series 545X,Router
Lenovo,Advanced Security Gateway Series 371X,Gateway
Lenovo,Ultra Edge Gateway Series 772X,Gateway
Lenovo,Secure Next-Gen Firewall Series 337X,Firewall
Lenovo,Enterprise SAN Storage Array Series 515X,Storage
Lenovo,Robust Edge Router Series 292X,Router
Lenovo,High Performance SAN Storage Array Series 565X,Storage
Lenovo,Robust NAS Storage Series 645X,Storage
Lenovo,High Performance Ethernet Switch Series 976X,Switch
Lenovo,Advanced NAS Storage Series 843X,Storage
Lenovo,Secure Blade Server Series 594X,Server
Lenovo,Scalable Ethernet Switch Series 899X,Switch
Lenovo,Scalable NAS Storage Series 545X,Storage
Lenovo,High Performance Tower Server Series 359X,Server
Lenovo,High Performance Routerboard Series 831X,Router
Lenovo,Advanced Tower Server Series 472X,Server
Lenovo,Ultra Next-Gen Firewall Series 483X,Firewall
Lenovo,Ultra Security Appliance Series 530X,Firewall
Lenovo,Advanced SAN Storage Array Series 168X,Storage
Lenovo,Secure Tower Server Series 163X,Server
Lenovo,Robust PoE Switch Series 513X,Switch
Lenovo,Ultra Gigabit Switch Series 901X,Switch
Lenovo,Robust Services Gateway Series 942X,Gateway
Lenovo,Advanced Gigabit Switch Series 343X,Switch
Lenovo,Ultra Next-Gen Firewall Series 116X,Firewall
Lenovo,Ultra Edge Gateway Series 642X,Gateway
Lenovo,High Performance NAS Storage Series 239X,Storage
Lenovo,High Performance Security Appliance Series 215X,Firewall
Lenovo,Secure Security Gateway Series 967X,Gateway
Lenovo,Advanced Enterprise Router Series 761X,Router
Lenovo,Advanced Services Gateway Series 219X,Gateway
Lenovo,Enterprise Gigabit Switch Series 887X,Switch
Lenovo,Advanced Security Gateway Series 740X,Gateway
Lenovo,Secure Enterprise Router Series 170X,Router
Lenovo,Ultra Blade Server Series 238X,Server
Lenovo,Secure Tower Server Series 502X,Server
Lenovo,Robust Routerboard Series 359X,Router
Lenovo,Enterprise Storage Unit Series 601X,Storage
Lenovo,Scalable Unified Threat Management Series 196X,Firewall
Lenovo,Advanced Gigabit Switch Series 950X,Switch
Lenovo,Enterprise Routerboard Series 150X,Router
Lenovo,Secure Next-Gen Firewall Series 852X,Firewall
Lenovo,Scalable Gigabit Switch Series 817X,Switch
Lenovo,Robust Next-Gen Firewall Series 786X,Firewall
Lenovo,Advanced Unified Threat Management Series 856X,Firewall
Lenovo,Scalable Edge Gateway Series 247X,Gateway
MikroTik,Scalable Edge Gateway Series 460X,Gateway
MikroTik,Robust Enterprise Router Series 593X,Router
MikroTik,High Performance Gigabit Switch Series 361X,Switch
MikroTik,High Performance Edge Router Series 608X,Router
MikroTik,High Performance Next-Gen Firewall Series 177X,Firewall
MikroTik,Ultra Enterprise Router Series 266X,Router
MikroTik,Advanced Storage Unit Series 294X,Storage
MikroTik,Advanced Unified Threat Management Series 859X,Firewall
MikroTik,Ultra Rack Server Series 166X,Server
MikroTik,Enterprise PoE Switch Series 504X,Switch
MikroTik,Enterprise Enterprise Router Series 644X,Router
MikroTik,High Performance Blade Server Series 292X,Server
MikroTik,Enterprise Edge Gateway Series 466X,Gateway
MikroTik,Advanced Services Gateway Series 109X,Gateway
MikroTik,High Performance Unified Threat Management Series 634X,Firewall
MikroTik,Advanced Unified Threat Management Series 498X,Firewall
MikroTik,Advanced NAS Storage Series 505X,Storage
MikroTik,Robust Next-Gen Firewall Series 137X,Firewall
MikroTik,Advanced Gigabit Switch Series 129X,Switch
MikroTik,Robust Tower Server Series 358X,Server
MikroTik,Robust Unified Threat Management Series 416X,Firewall
MikroTik,High Performance Storage Unit Series 882X,Storage
MikroTik,Robust Edge Gateway Series 712X,Gateway
MikroTik,Advanced SAN Storage Array Series 281X,Storage
MikroTik,Enterprise Enterprise Router Series 990X,Router
MikroTik,Robust Services Gateway Series 597X,Gateway
MikroTik,Secure Enterprise Router Series 368X,Router
MikroTik,Scalable Gigabit Switch Series 696X,Switch
MikroTik,High Performance Tower Server Series 390X,Server
MikroTik,Enterprise Ethernet Switch Series 967X,Switch
MikroTik,Ultra NAS Storage Series 785X,Storage
MikroTik,Robust Services Gateway Series 177X,Gateway
MikroTik,Enterprise Next-Gen Firewall Series 618X,Firewall
MikroTik,Secure Unified Threat Management Series 516X,Firewall
MikroTik,Secure Security Appliance Series 507X,Firewall
MikroTik,Advanced Edge Router Series 744X,Router
MikroTik,Robust Routerboard Series 374X,Router
MikroTik,Robust Edge Gateway Series 150X,Gateway
MikroTik,High Performance Security Gateway Series 567X,Gateway
MikroTik,Robust Ethernet Switch Series 274X,Switch
MikroTik,High Performance Next-Gen Firewall Series 409X,Firewall
MikroTik,Secure PoE Switch Series 584X,Switch
MikroTik,High Performance Storage Unit Series 582X,Storage
MikroTik,Advanced Gigabit Switch Series 598X,Switch
MikroTik,Ultra Blade Server Series 196X,Server
MikroTik,Scalable Services Gateway Series 413X,Gateway
MikroTik,Secure NAS Storage Series 767X,Storage
MikroTik,Scalable Security Appliance Series 585X,Firewall
MikroTik,Enterprise PoE Switch Series 141X,Switch
MikroTik,Secure Gigabit Switch Series 843X,Switch
Fortinet,Ultra Routerboard Series 369X,Router
Fortinet,Advanced Ethernet Switch Series 524X,Switch
Fortinet,Ultra Services Gateway Series 142X,Gateway
Fortinet,Robust Routerboard Series 200X,Router
Fortinet,Scalable Ethernet Switch Series 733X,Switch
Fortinet,High Performance Routerboard Series 624X,Router
Fortinet,Ultra Routerboard Series 565X,Router
Fortinet,Robust Ethernet Switch Series 437X,Switch
Fortinet,Secure Security Gateway Series 786X,Gateway
Fortinet,Secure PoE Switch Series 937X,Switch
Fortinet,Scalable Services Gateway Series 711X,Gateway
Fortinet,Advanced Security Appliance Series 999X,Firewall
Fortinet,Enterprise Rack Server Series 924X,Server
Fortinet,Enterprise Services Gateway Series 425X,Gateway
Fortinet,Advanced SAN Storage Array Series 355X,Storage
Fortinet,Ultra Tower Server Series 748X,Server
Fortinet,Secure Tower Server Series 696X,Server
Fortinet,Robust Rack Server Series 889X,Server
Fortinet,High Performance Blade Server Series 286X,Server
Fortinet,Ultra Blade Server Series 487X,Server
Fortinet,Scalable Security Gateway Series 228X,Gateway
Fortinet,Advanced Unified Threat Management Series 209X,Firewall
Fortinet,High Performance Security Gateway Series 539X,Gateway
Fortinet,High Performance Enterprise Router Series 319X,Router
Fortinet,High Performance Security Appliance Series 387X,Firewall
Fortinet,Robust Enterprise Router Series 154X,Router
Fortinet,Advanced SAN Storage Array Series 283X,Storage
Fortinet,Enterprise Edge Gateway Series 128X,Gateway
Fortinet,Scalable Next-Gen Firewall Series 838X,Firewall
Fortinet,Enterprise Ethernet Switch Series 333X,Switch
Fortinet,Scalable Security Gateway Series 728X,Gateway
Fortinet,Robust SAN Storage Array Series 546X,Storage
Fortinet,High Performance Unified Threat Management Series 720X,Firewall
Fortinet,High Performance Enterprise Router Series 914X,Router
Fortinet,Ultra Security Gateway Series 627X,Gateway
Fortinet,High Performance Rack Server Series 903X,Server
Fortinet,Secure Routerboard Series 549X,Router
Fortinet,High Performance Next-Gen Firewall Series 261X,Firewall
Fortinet,Secure Security Appliance Series 102X,Firewall
Fortinet,Robust Edge Gateway Series 964X,Gateway
Fortinet,Ultra Tower Server Series 297X,Server
Fortinet,Enterprise Routerboard Series 685X,Router
Fortinet,Robust Services Gateway Series 762X,Gateway
Fortinet,Robust Rack Server Series 389X,Server
Fortinet,Secure Storage Unit Series 987X,Storage
Fortinet,Scalable Unified Threat Management Series 893X,Firewall
Fortinet,Enterprise Tower Server Series 530X,Server
Fortinet,Secure Next-Gen Firewall Series 712X,Firewall
Fortinet,Secure Security Appliance Series 305X,Firewall
Fortinet,Advanced NAS Storage Series 712X,Storage
Palo Alto,Advanced Services Gateway Series 659X,Gateway
Palo Alto,Robust Security Appliance Series 115X,Firewall
Palo Alto,Scalable SAN Storage Array Series 742X,Storage
Palo Alto,Advanced Storage Unit Series 739X,Storage
Palo Alto,Scalable Next-Gen Firewall Series 775X,Firewall
Palo Alto,Advanced Gigabit Switch Series 917X,Switch
Palo Alto,Secure NAS Storage Series 615X,Storage
Palo Alto,Enterprise Enterprise Router Series 286X,Router
Palo Alto,Enterprise Services Gateway Series 792X,Gateway
Palo Alto,Ultra Enterprise Router Series 921X,Router
Palo Alto,Secure Gigabit Switch Series 195X,Switch
Palo Alto,Scalable Enterprise Router Series 239X,Router
Palo Alto,High Performance NAS Storage Series 468X,Storage
Palo Alto,Advanced Services Gateway Series 596X,Gateway
Palo Alto,Enterprise Tower Server Series 448X,Server
Palo Alto,Ultra Edge Router Series 874X,Router
Palo Alto,Robust Services Gateway Series 240X,Gateway
Palo Alto,Robust Next-Gen Firewall Series 635X,Firewall
Palo Alto,Scalable Ethernet Switch Series 707X,Switch
Palo Alto,Scalable Storage Unit Series 565X,Storage
Palo Alto,Secure Security Gateway Series 232X,Gateway
Palo Alto,Scalable Edge Router Series 367X,Router
Palo Alto,Enterprise Ethernet Switch Series 226X,Switch
Palo Alto,Robust Edge Gateway Series 785X,Gateway
Palo Alto,Robust Edge Router Series 382X,Router
Palo Alto,Enterprise Tower Server Series 486X,Server
Palo Alto,Scalable Routerboard Series 659X,Router
Palo Alto,Ultra PoE Switch Series 620X,Switch
Palo Alto,Scalable Edge Gateway Series 722X,Gateway
Palo Alto,Advanced NAS Storage Series 548X,Storage
Palo Alto,Advanced SAN Storage Array Series 774X,Storage
Palo Alto,Enterprise Security Appliance Series 352X,Firewall
Palo Alto,Enterprise PoE Switch Series 778X,Switch
Palo Alto,Advanced Services Gateway Series 697X,Gateway
Palo Alto,High Performance NAS Storage Series 315X,Storage
Palo Alto,Scalable Services Gateway Series 348X,Gateway
Palo Alto,Secure Edge Router Series 639X,Router
Palo Alto,Secure NAS Storage Series 693X,Storage
Palo Alto,Robust Edge Router Series 940X,Router
Palo Alto,Enterprise Blade Server Series 403X,Server
Palo Alto,Scalable Enterprise Router Series 316X,Router
Palo Alto,High Performance Next-Gen Firewall Series 262X,Firewall
Palo Alto,Robust Services Gateway Series 793X,Gateway
Palo Alto,Scalable Edge Gateway Series 893X,Gateway
Palo Alto,Enterprise Edge Gateway Series 260X,Gateway
Palo Alto,Ultra NAS Storage Series 555X,Storage
Palo Alto,Enterprise Routerboard Series 339X,Router
Palo Alto,Scalable Unified Threat Management Series 721X,Firewall
Palo Alto,High Performance Blade Server Series 933X,Server
Palo Alto,High Performance Next-Gen Firewall Series 172X,Firewall
Juniper,Secure Security Gateway Series 840X,Gateway
Juniper,Scalable Security Gateway Series 340X,Gateway
Juniper,Enterprise Unified Threat Management Series 788X,Firewall
Juniper,Scalable Blade Server Series 935X,Server
Juniper,High Performance SAN Storage Array Series 714X,Storage
Juniper,High Performance Security Gateway Series 530X,Gateway
Juniper,Advanced Security Appliance Series 270X,Firewall
Juniper,Enterprise Storage Unit Series 372X,Storage
Juniper,High Performance NAS Storage Series 662X,Storage
Juniper,Advanced Storage Unit Series 609X,Storage
Juniper,Ultra Enterprise Router Series 632X,Router
Juniper,Advanced PoE Switch Series 581X,Switch
Juniper,Enterprise Routerboard Series 483X,Router
Juniper,High Performance Ethernet Switch Series 812X,Switch
Juniper,Advanced Security Gateway Series 119X,Gateway
Juniper,Secure Rack Server Series 471X,Server
Juniper,Scalable Next-Gen Firewall Series 424X,Firewall
Juniper,High Performance Tower Server Series 248X,Server
Juniper,Robust SAN Storage Array Series 308X,Storage
Juniper,Robust NAS Storage Series 105X,Storage
Juniper,Robust Routerboard Series 453X,Router
Juniper,Secure Storage Unit Series 908X,Storage
Juniper,Ultra Security Gateway Series 340X,Gateway
Juniper,Enterprise SAN Storage Array Series 240X,Storage
Juniper,Enterprise PoE Switch Series 932X,Switch
Juniper,Secure Gigabit Switch Series 489X,Switch
Juniper,Enterprise Services Gateway Series 328X,Gateway
Juniper,Robust Edge Gateway Series 248X,Gateway
Juniper,Secure Enterprise Router Series 378X,Router
Juniper,Ultra Unified Threat Management Series 164X,Firewall
Juniper,High Performance Next-Gen Firewall Series 487X,Firewall
Juniper,Scalable Enterprise Router Series 270X,Router
Juniper,Ultra Blade Server Series 160X,Server
Juniper,Enterprise Tower Server Series 147X,Server
Juniper,Robust Services Gateway Series 118X,Gateway
Juniper,High Performance Edge Gateway Series 859X,Gateway
Juniper,Advanced Tower Server Series 706X,Server
Juniper,Robust Storage Unit Series 759X,Storage
Juniper,Secure Routerboard Series 340X,Router
Juniper,Advanced Unified Threat Management Series 585X,Firewall
Juniper,Enterprise NAS Storage Series 558X,Storage
Juniper,High Performance Services Gateway Series 633X,Gateway
Juniper,Ultra Security Appliance Series 953X,Firewall
Juniper,Enterprise Ethernet Switch Series 519X,Switch
Juniper,Robust Next-Gen Firewall Series 653X,Firewall
Juniper,High Performance Unified Threat Management Series 713X,Firewall
Juniper,Advanced Unified Threat Management Series 503X,Firewall
Juniper,Robust Security Appliance Series 973X,Firewall
Juniper,Robust Edge Gateway Series 678X,Gateway
Juniper,Ultra Tower Server Series 474X,Server
Supermicro,High Performance SAN Storage Array Series 572X,Storage
Supermicro,Ultra NAS Storage Series 791X,Storage
Supermicro,High Performance SAN Storage Array Series 512X,Storage
Supermicro,High Performance Next-Gen Firewall Series 260X,Firewall
Supermicro,Advanced Services Gateway Series 112X,Gateway
Supermicro,Secure Blade Server Series 877X,Server
Supermicro,Ultra Ethernet Switch Series 844X,Switch
Supermicro,Advanced Next-Gen Firewall Series 288X,Firewall
Supermicro,Advanced Next-Gen Firewall Series 751X,Firewall
Supermicro,High Performance Routerboard Series 823X,Router
Supermicro,Scalable Enterprise Router Series 351X,Router
Supermicro,Robust NAS Storage Series 600X,Storage
Supermicro,Secure NAS Storage Series 804X,Storage
Supermicro,High Performance Blade Server Series 286X,Server
Supermicro,Ultra Unified Threat Management Series 939X,Firewall
Supermicro,High Performance Unified Threat Management Series 530X,Firewall
Supermicro,Secure PoE Switch Series 256X,Switch
Supermicro,Scalable Tower Server Series 711X,Server
Supermicro,Robust Edge Router Series 409X,Router
Supermicro,Robust Security Gateway Series 386X,Gateway
Supermicro,Advanced Storage Unit Series 426X,Storage
Supermicro,Robust NAS Storage Series 599X,Storage
Supermicro,Advanced Enterprise Router Series 657X,Router
Supermicro,Ultra NAS Storage Series 681X,Storage
Supermicro,High Performance Security Gateway Series 164X,Gateway
Supermicro,High Performance Ethernet Switch Series 334X,Switch
Supermicro,Enterprise Routerboard Series 197X,Router
Supermicro,High Performance Gigabit Switch Series 921X,Switch
Supermicro,Robust SAN Storage Array Series 512X,Storage
Supermicro,High Performance Next-Gen Firewall Series 741X,Firewall
Supermicro,Scalable Security Appliance Series 504X,Firewall
Supermicro,Robust Services Gateway Series 408X,Gateway
Supermicro,Advanced Routerboard Series 560X,Router
Supermicro,Enterprise Next-Gen Firewall Series 404X,Firewall
Supermicro,Enterprise SAN Storage Array Series 487X,Storage
Supermicro,Robust Gigabit Switch Series 361X,Switch
Supermicro,High Performance Rack Server Series 953X,Server
Supermicro,Secure Security Gateway Series 367X,Gateway
Supermicro,Advanced NAS Storage Series 982X,Storage
Supermicro,Robust Routerboard Series 186X,Router
Supermicro,High Performance PoE Switch Series 546X,Switch
Supermicro,Secure Enterprise Router Series 644X,Router
Supermicro,High Performance Edge Gateway Series 784X,Gateway
Supermicro,Enterprise Services Gateway Series 727X,Gateway
Supermicro,Advanced Edge Gateway Series 833X,Gateway
Supermicro,Secure Rack Server Series 960X,Server
Supermicro,Secure Storage Unit Series 958X,Storage
Supermicro,High Performance Enterprise Router Series 151X,Router
Supermicro,Ultra Blade Server Series 138X,Server
Supermicro,High Performance Enterprise Router Series 240X,Router
Ubiquiti,Secure Routerboard Series 416X,Router
Ubiquiti,Ultra Gigabit Switch Series 773X,Switch
Ubiquiti,Ultra Gigabit Switch Series 559X,Switch
Ubiquiti,Scalable Edge Gateway Series 870X,Gateway
Ubiquiti,Advanced Security Appliance Series 350X,Firewall
Ubiquiti,Ultra Edge Gateway Series 586X,Gateway
Ubiquiti,Advanced SAN Storage Array Series 864X,Storage
Ubiquiti,Ultra Rack Server Series 458X,Server
Ubiquiti,Scalable Security Appliance Series 494X,Firewall
Ubiquiti,Advanced Ethernet Switch Series 927X,Switch
Ubiquiti,Ultra Next-Gen Firewall Series 823X,Firewall
Ubiquiti,Advanced Edge Gateway Series 234X,Gateway
Ubiquiti,Ultra NAS Storage Series 696X,Storage
Ubiquiti,Scalable Ethernet Switch Series 707X,Switch
Ubiquiti,Enterprise Rack Server Series 748X,Server
Ubiquiti,Secure Enterprise Router Series 617X,Router
Ubiquiti,High Performance PoE Switch Series 591X,Switch
Ubiquiti,Advanced Rack Server Series 416X,Server
Ubiquiti,Enterprise Security Gateway Series 774X,Gateway
Ubiquiti,Enterprise Unified Threat Management Series 689X,Firewall
Ubiquiti,Ultra SAN Storage Array Series 910X,Storage
Ubiquiti,Robust Next-Gen Firewall Series 602X,Firewall
Ubiquiti,High Performance Edge Gateway Series 251X,Gateway
Ubiquiti,Ultra Tower Server Series 678X,Server
Ubiquiti,Enterprise Next-Gen Firewall Series 972X,Firewall
Ubiquiti,Scalable Tower Server Series 808X,Server
Ubiquiti,Robust Enterprise Router Series 904X,Router
Ubiquiti,Ultra Unified Threat Management Series 855X,Firewall
Ubiquiti,Advanced Unified Threat Management Series 169X,Firewall
Ubiquiti,Scalable Services Gateway Series 966X,Gateway
Ubiquiti,Robust Storage Unit Series 146X,Storage
Ubiquiti,High Performance Security Appliance Series 979X,Firewall
Ubiquiti,Advanced Edge Router Series 111X,Router
Ubiquiti,Scalable PoE Switch Series 763X,Switch
Ubiquiti,Advanced Ethernet Switch Series 639X,Switch
Ubiquiti,Secure SAN Storage Array Series 285X,Storage
Ubiquiti,Advanced Enterprise Router Series 521X,Router
Ubiquiti,Ultra Routerboard Series 828X,Router
Ubiquiti,Scalable PoE Switch Series 834X,Switch
Ubiquiti,Enterprise Next-Gen Firewall Series 287X,Firewall
Ubiquiti,Secure Security Gateway Series 218X,Gateway
Ubiquiti,Ultra Services Gateway Series 334X,Gateway
Ubiquiti,Advanced Blade Server Series 242X,Server
Ubiquiti,Scalable Edge Router Series 801X,Router
Ubiquiti,Advanced Blade Server Series 974X,Server
Ubiquiti,Robust SAN Storage Array Series 801X,Storage
Ubiquiti,Advanced Storage Unit Series 743X,Storage
Ubiquiti,Robust Tower Server Series 801X,Server
Ubiquiti,Ultra Services Gateway Series 591X,Gateway
Ubiquiti,Advanced Security Gateway Series 694X,Gateway
Netgate,Advanced Security Appliance Series 908X,Firewall
Netgate,Scalable Security Appliance Series 786X,Firewall
Netgate,Scalable Edge Gateway Series 136X,Gateway
Netgate,Robust NAS Storage Series 527X,Storage
Netgate,Secure PoE Switch Series 335X,Switch
Netgate,Scalable Unified Threat Management Series 303X,Firewall
Netgate,Scalable Routerboard Series 304X,Router
Netgate,High Performance Unified Threat Management Series 302X,Firewall
Netgate,Enterprise Services Gateway Series 381X,Gateway
Netgate,Secure Services Gateway Series 431X,Gateway
Netgate,High Performance PoE Switch Series 602X,Switch
Netgate,Secure Security Gateway Series 333X,Gateway
Netgate,Advanced Gigabit Switch Series 178X,Switch
Netgate,Ultra Unified Threat Management Series 592X,Firewall
Netgate,Scalable Routerboard Series 899X,Router
Netgate,High Performance Rack Server Series 932X,Server
Netgate,Ultra Security Appliance Series 941X,Firewall
Netgate,Advanced Gigabit Switch Series 372X,Switch
Netgate,Advanced PoE Switch Series 512X,Switch
Netgate,Secure Edge Gateway Series 600X,Gateway
Netgate,Advanced Next-Gen Firewall Series 981X,Firewall
Netgate,High Performance PoE Switch Series 920X,Switch
Netgate,Secure Edge Router Series 928X,Router
Netgate,Advanced Unified Threat Management Series 357X,Firewall
Netgate,Advanced Edge Router Series 406X,Router
Netgate,Secure Security Gateway Series 310X,Gateway
Netgate,Secure Gigabit Switch Series 961X,Switch
Netgate,High Performance PoE Switch Series 711X,Switch
Netgate,Secure Services Gateway Series 151X,Gateway
Netgate,High Performance Gigabit Switch Series 353X,Switch
Netgate,Secure SAN Storage Array Series 638X,Storage
Netgate,High Performance Enterprise Router Series 986X,Router
Netgate,Robust Gigabit Switch Series 963X,Switch
Netgate,Enterprise Storage Unit Series 380X,Storage
Netgate,Robust Services Gateway Series 362X,Gateway
Netgate,Ultra Tower Server Series 465X,Server
Netgate,Scalable Enterprise Router Series 384X,Router
Netgate,Enterprise Next-Gen Firewall Series 219X,Firewall
Netgate,Secure Routerboard Series 391X,Router
Netgate,Scalable SAN Storage Array Series 219X,Storage
Netgate,Robust NAS Storage Series 541X,Storage
Netgate,Ultra Gigabit Switch Series 616X,Switch
Netgate,Enterprise Edge Gateway Series 838X,Gateway
Netgate,Ultra Unified Threat Management Series 751X,Firewall
Netgate,Secure Ethernet Switch Series 631X,Switch
Netgate,Advanced Security Appliance Series 841X,Firewall
Netgate,High Performance Ethernet Switch Series 328X,Switch
Netgate,Advanced Rack Server Series 269X,Server
Netgate,Robust Storage Unit Series 786X,Storage
Netgate,Secure Next-Gen Firewall Series 794X,Firewall
Arista,Advanced Ethernet Switch Series 756X,Switch
Arista,Advanced Edge Router Series 140X,Router
Arista,High Performance Ethernet Switch Series 805X,Switch
Arista,Advanced SAN Storage Array Series 263X,Storage
Arista,Secure Next-Gen Firewall Series 886X,Firewall
Arista,Robust Gigabit Switch Series 981X,Switch
Arista,Robust Ethernet Switch Series 127X,Switch
Arista,Robust Rack Server Series 661X,Server
Arista,Secure Blade Server Series 486X,Server
Arista,Robust Edge Router Series 345X,Router
Arista,Scalable Ethernet Switch Series 440X,Switch
Arista,Ultra Storage Unit Series 949X,Storage
Arista,High Performance Ethernet Switch Series 605X,Switch
Arista,High Performance Routerboard Series 132X,Router
Arista,High Performance Security Appliance Series 401X,Firewall
Arista,High Performance Edge Router Series 839X,Router
Arista,Secure Ethernet Switch Series 459X,Switch
Arista,Enterprise Gigabit Switch Series 493X,Switch
Arista,Enterprise Security Gateway Series 745X,Gateway
Arista,Advanced Security Appliance Series 821X,Firewall
Arista,High Performance Ethernet Switch Series 482X,Switch
Arista,Robust Rack Server Series 267X,Server
Arista,Ultra Unified Threat Management Series 189X,Firewall
Arista,Advanced Enterprise Router Series 544X,Router
Arista,Robust Rack Server Series 636X,Server
Arista,Ultra Edge Gateway Series 660X,Gateway
Arista,Advanced SAN Storage Array Series 341X,Storage
Arista,Enterprise Blade Server Series 796X,Server
Arista,Ultra Security Gateway Series 825X,Gateway
Arista,Enterprise Edge Router Series 799X,Router
Arista,Enterprise Edge Gateway Series 787X,Gateway
Arista,Scalable Ethernet Switch Series 452X,Switch
Arista,Robust Security Appliance Series 133X,Firewall
Arista,High Performance Rack Server Series 673X,Server
Arista,Scalable Ethernet Switch Series 178X,Switch
Arista,Scalable NAS Storage Series 785X,Storage
Arista,Enterprise Rack Server Series 160X,Server
Arista,Robust Security Appliance Series 156X,Firewall
Arista,Ultra Blade Server Series 419X,Server
Arista,Advanced Rack Server Series 528X,Server
Arista,Robust Blade Server Series 860X,Server
Arista,Scalable NAS Storage Series 510X,Storage
Arista,Scalable SAN Storage Array Series 201X,Storage
Arista,Robust Security Gateway Series 258X,Gateway
Arista,Advanced SAN Storage Array Series 793X,Storage
Arista,Advanced NAS Storage Series 936X,Storage
Arista,Enterprise Gigabit Switch Series 977X,Switch
Arista,Enterprise Services Gateway Series 618X,Gateway
Arista,Ultra Next-Gen Firewall Series 903X,Firewall
Arista,Enterprise Security Gateway Series 927X,Gateway
Synology,Scalable SAN Storage Array Series 300X,Storage
Synology,Ultra Rack Server Series 585X,Server
Synology,Secure Services Gateway Series 145X,Gateway
Synology,Scalable Next-Gen Firewall Series 274X,Firewall
Synology,Robust Blade Server Series 930X,Server
Synology,Advanced Blade Server Series 467X,Server
Synology,Enterprise Rack Server Series 295X,Server
Synology,High Performance Blade Server Series 105X,Server
Synology,Enterprise Edge Router Series 747X,Router
Synology,Advanced Tower Server Series 354X,Server
Synology,Enterprise Security Appliance Series 193X,Firewall
Synology,Enterprise Storage Unit Series 293X,Storage
Synology,Secure Blade Server Series 902X,Server
Synology,Scalable Ethernet Switch Series 520X,Switch
Synology,High Performance Edge Gateway Series 183X,Gateway
Synology,Enterprise Enterprise Router Series 262X,Router
Synology,Secure Tower Server Series 829X,Server
Synology,Robust Routerboard Series 371X,Router
Synology,Scalable Edge Router Series 576X,Router
Synology,Advanced Tower Server Series 685X,Server
Synology,Robust Storage Unit Series 391X,Storage
Synology,Advanced Storage Unit Series 162X,Storage
Synology,Robust Ethernet Switch Series 612X,Switch
Synology,Enterprise Security Appliance Series 265X,Firewall
Synology,Ultra Tower Server Series 257X,Server
Synology,Ultra Security Appliance Series 581X,Firewall
Synology,Secure Services Gateway Series 549X,Gateway
Synology,Ultra Unified Threat Management Series 176X,Firewall
Synology,High Performance Rack Server Series 734X,Server
Synology,Ultra Routerboard Series 223X,Router
Synology,Ultra Enterprise Router Series 413X,Router
Synology,Ultra Ethernet Switch Series 349X,Switch
Synology,Robust Unified Threat Management Series 109X,Firewall
Synology,Scalable Ethernet Switch Series 396X,Switch
Synology,Scalable Edge Router Series 749X,Router
Synology,Secure Services Gateway Series 886X,Gateway
Synology,High Performance NAS Storage Series 386X,Storage
Synology,Advanced Blade Server Series 636X,Server
Synology,Enterprise NAS Storage Series 340X,Storage
Synology,Enterprise Next-Gen Firewall Series 862X,Firewall
Synology,Ultra Tower Server Series 252X,Server
Synology,Advanced Enterprise Router Series 341X,Router
Synology,Enterprise Next-Gen Firewall Series 999X,Firewall
Synology,Enterprise Routerboard Series 739X,Router
Synology,High Performance Security Gateway Series 756X,Gateway
Synology,Enterprise Edge Gateway Series 140X,Gateway
Synology,Scalable Rack Server Series 287X,Server
Synology,Ultra Enterprise Router Series 879X,Router
Synology,Advanced SAN Storage Array Series 126X,Storage
Synology,High Performance Rack Server Series 572X,Server
QNAP,Secure Security Gateway Series 544X,Gateway
QNAP,High Performance Rack Server Series 425X,Server
QNAP,Robust Enterprise Router Series 844X,Router
QNAP,Advanced Next-Gen Firewall Series 864X,Firewall
QNAP,Advanced Enterprise Router Series 584X,Router
QNAP,High Performance Unified Threat Management Series 780X,Firewall
QNAP,Ultra Rack Server Series 948X,Server
QNAP,High Performance Routerboard Series 967X,Router
QNAP,Scalable NAS Storage Series 460X,Storage
QNAP,Enterprise Edge Gateway Series 801X,Gateway
QNAP,Enterprise Tower Server Series 779X,Server
QNAP,High Performance Enterprise Router Series 281X,Router
QNAP,Advanced Edge Router Series 806X,Router
QNAP,Enterprise Blade Server Series 149X,Server
QNAP,Ultra Routerboard Series 421X,Router
QNAP,Secure PoE Switch Series 505X,Switch
QNAP,Secure Tower Server Series 447X,Server
QNAP,Scalable Edge Gateway Series 271X,Gateway
QNAP,Scalable Storage Unit Series 493X,Storage
QNAP,Ultra Ethernet Switch Series 502X,Switch
QNAP,Ultra Storage Unit Series 494X,Storage
QNAP,Advanced Rack Server Series 209X,Server
QNAP,Enterprise Edge Gateway Series 147X,Gateway
QNAP,High Performance Security Gateway Series 994X,Gateway
QNAP,Scalable Gigabit Switch Series 654X,Switch
QNAP,Robust PoE Switch Series 198X,Switch
QNAP,Robust Security Gateway Series 514X,Gateway
QNAP,Ultra Services Gateway Series 839X,Gateway
QNAP,Scalable Tower Server Series 684X,Server
QNAP,Advanced Routerboard Series 844X,Router
QNAP,Ultra SAN Storage Array Series 415X,Storage
QNAP,Ultra Ethernet Switch Series 799X,Switch
QNAP,Secure Routerboard Series 560X,Router
QNAP,High Performance Rack Server Series 345X,Server
QNAP,Secure Blade Server Series 582X,Server
QNAP,Scalable Rack Server Series 477X,Server
QNAP,Ultra PoE Switch Series 858X,Switch
QNAP,High Performance Storage Unit Series 849X,Storage
QNAP,Robust SAN Storage Array Series 854X,Storage
QNAP,Advanced Services Gateway Series 260X,Gateway
QNAP,Robust Services Gateway Series 307X,Gateway
QNAP,Advanced Unified Threat Management Series 164X,Firewall
QNAP,Robust Edge Router Series 199X,Router
QNAP,High Performance PoE Switch Series 874X,Switch
QNAP,Secure NAS Storage Series 189X,Storage
QNAP,Enterprise Ethernet Switch Series 793X,Switch
QNAP,Enterprise Edge Gateway Series 660X,Gateway
QNAP,Secure NAS Storage Series 609X,Storage
QNAP,Enterprise Blade Server Series 367X,Server
QNAP,Ultra Next-Gen Firewall Series 362X,Firewall
NetApp,Ultra Blade Server Series 196X,Server
NetApp,Advanced NAS Storage Series 744X,Storage
NetApp,Advanced Edge Gateway Series 924X,Gateway
NetApp,Enterprise Services Gateway Series 120X,Gateway
NetApp,Robust Storage Unit Series 167X,Storage
NetApp,Robust Unified Threat Management Series 918X,Firewall
NetApp,High Performance Rack Server Series 473X,Server
NetApp,Advanced Routerboard Series 483X,Router
NetApp,Advanced Blade Server Series 552X,Server
NetApp,Scalable Rack Server Series 786X,Server
NetApp,Secure Blade Server Series 476X,Server
NetApp,Secure Security Gateway Series 797X,Gateway
NetApp,Robust Rack Server Series 325X,Server
NetApp,Ultra Tower Server Series 984X,Server
NetApp,Enterprise Edge Gateway Series 419X,Gateway
NetApp,Ultra Tower Server Series 926X,Server
NetApp,Robust Enterprise Router Series 659X,Router
NetApp,Secure Gigabit Switch Series 430X,Switch
NetApp,High Performance Security Appliance Series 894X,Firewall
NetApp,Advanced Storage Unit Series 580X,Storage
NetApp,Scalable Enterprise Router Series 995X,Router
NetApp,Enterprise Security Gateway Series 697X,Gateway
NetApp,Robust Rack Server Series 389X,Server
NetApp,Ultra NAS Storage Series 262X,Storage
NetApp,High Performance Routerboard Series 815X,Router
NetApp,Ultra Tower Server Series 547X,Server
NetApp,Ultra SAN Storage Array Series 890X,Storage
NetApp,Secure Security Gateway Series 936X,Gateway
NetApp,Advanced Edge Gateway Series 221X,Gateway
NetApp,Ultra SAN Storage Array Series 777X,Storage
NetApp,Enterprise Edge Gateway Series 244X,Gateway
NetApp,Secure NAS Storage Series 563X,Storage
NetApp,Advanced Storage Unit Series 838X,Storage
NetApp,Scalable Ethernet Switch Series 631X,Switch
NetApp,Scalable Security Gateway Series 852X,Gateway
NetApp,Robust Storage Unit Series 663X,Storage
NetApp,Ultra Next-Gen Firewall Series 972X,Firewall
NetApp,Robust Rack Server Series 918X,Server
NetApp,High Performance Next-Gen Firewall Series 498X,Firewall
NetApp,Secure Gigabit Switch Series 271X,Switch
NetApp,Scalable Enterprise Router Series 829X,Router
NetApp,Advanced Services Gateway Series 377X,Gateway
NetApp,Scalable SAN Storage Array Series 668X,Storage
NetApp,Advanced Services Gateway Series 692X,Gateway
NetApp,Enterprise SAN Storage Array Series 146X,Storage
NetApp,Scalable Ethernet Switch Series 139X,Switch
NetApp,Robust Edge Router Series 576X,Router
NetApp,High Performance Ethernet Switch Series 485X,Switch
NetApp,Secure Unified Threat Management Series 221X,Firewall
NetApp,Secure Next-Gen Firewall Series 945X,Firewall
Huawei,Secure SAN Storage Array Series 114X,Storage
Huawei,Enterprise Unified Threat Management Series 788X,Firewall
Huawei,High Performance Ethernet Switch Series 476X,Switch
Huawei,Ultra Security Gateway Series 890X,Gateway
Huawei,High Performance Storage Unit Series 437X,Storage
Huawei,Ultra Enterprise Router Series 979X,Router
Huawei,Robust Routerboard Series 451X,Router
Huawei,Secure Edge Router Series 455X,Router
Huawei,Advanced Services Gateway Series 144X,Gateway
Huawei,Secure Blade Server Series 706X,Server
Huawei,Secure SAN Storage Array Series 359X,Storage
Huawei,High Performance SAN Storage Array Series 846X,Storage
Huawei,Enterprise Edge Router Series 320X,Router
Huawei,Enterprise Security Gateway Series 762X,Gateway
Huawei,High Performance Gigabit Switch Series 719X,Switch
Huawei,Robust Gigabit Switch Series 732X,Switch
Huawei,Robust Blade Server Series 737X,Server
Huawei,Scalable Gigabit Switch Series 194X,Switch
Huawei,Enterprise Gigabit Switch Series 817X,Switch
Huawei,Advanced NAS Storage Series 241X,Storage
Huawei,Advanced SAN Storage Array Series 342X,Storage
Huawei,Secure Security Gateway Series 178X,Gateway
Huawei,Secure Edge Router Series 955X,Router
Huawei,Scalable SAN Storage Array Series 107X,Storage
Huawei,Ultra Edge Router Series 731X,Router
Huawei,Secure Next-Gen Firewall Series 261X,Firewall
Huawei,Ultra Unified Threat Management Series 160X,Firewall
Huawei,High Performance Security Gateway Series 581X,Gateway
Huawei,Scalable Unified Threat Management Series 903X,Firewall
Huawei,Robust Security Appliance Series 676X,Firewall
Huawei,Scalable Storage Unit Series 103X,Storage
Huawei,Advanced NAS Storage Series 128X,Storage
Huawei,Scalable Enterprise Router Series 522X,Router
Huawei,Robust Unified Threat Management Series 496X,Firewall
Huawei,Secure Tower Server Series 163X,Server
Huawei,High Performance Blade Server Series 446X,Server
Huawei,Scalable Gigabit Switch Series 341X,Switch
Huawei,Secure Rack Server Series 305X,Server
Huawei,Enterprise Services Gateway Series 671X,Gateway
Huawei,High Performance Unified Threat Management Series 784X,Firewall
Huawei,Scalable Rack Server Series 365X,Server
Huawei,Advanced Tower Server Series 805X,Server
Huawei,Scalable Security Gateway Series 530X,Gateway
Huawei,Secure Blade Server Series 189X,Server
Huawei,Scalable Security Gateway Series 908X,Gateway
Huawei,Robust Tower Server Series 931X,Server
Huawei,Secure SAN Storage Array Series 924X,Storage
Huawei,High Performance Next-Gen Firewall Series 885X,Firewall
Huawei,High Performance SAN Storage Array Series 230X,Storage
Huawei,High Performance Enterprise Router Series 185X,Router
Extreme Networks,Enterprise Security Appliance Series 429X,Firewall
Extreme Networks,Enterprise Services Gateway Series 260X,Gateway
Extreme Networks,Secure Security Appliance Series 518X,Firewall
Extreme Networks,Ultra SAN Storage Array Series 277X,Storage
Extreme Networks,Robust Security Gateway Series 584X,Gateway
Extreme Networks,Enterprise Security Gateway Series 151X,Gateway
Extreme Networks,Enterprise Services Gateway Series 696X,Gateway
Extreme Networks,Secure Next-Gen Firewall Series 772X,Firewall
Extreme Networks,Enterprise PoE Switch Series 859X,Switch
Extreme Networks,Robust Tower Server Series 594X,Server
Extreme Networks,Ultra Unified Threat Management Series 282X,Firewall
Extreme Networks,Scalable Services Gateway Series 187X,Gateway
Extreme Networks,Secure Tower Server Series 278X,Server
Extreme Networks,Scalable Next-Gen Firewall Series 952X,Firewall
Extreme Networks,Scalable PoE Switch Series 481X,Switch
Extreme Networks,Advanced Blade Server Series 525X,Server
Extreme Networks,Robust SAN Storage Array Series 277X,Storage
Extreme Networks,Robust Services Gateway Series 785X,Gateway
Extreme Networks,Enterprise PoE Switch Series 260X,Switch
Extreme Networks,Enterprise Edge Router Series 868X,Router
Extreme Networks,Scalable Unified Threat Management Series 629X,Firewall
Extreme Networks,Robust NAS Storage Series 928X,Storage
Extreme Networks,Advanced Gigabit Switch Series 904X,Switch
Extreme Networks,High Performance Edge Router Series 754X,Router
Extreme Networks,Ultra Services Gateway Series 263X,Gateway
Extreme Networks,Robust PoE Switch Series 310X,Switch
Extreme Networks,High Performance Security Appliance Series 503X,Firewall
Extreme Networks,High Performance Gigabit Switch Series 868X,Switch
Extreme Networks,Robust Edge Gateway Series 387X,Gateway
Extreme Networks,Ultra Security Appliance Series 600X,Firewall
Extreme Networks,High Performance NAS Storage Series 247X,Storage
Extreme Networks,Advanced Tower Server Series 853X,Server
Extreme Networks,Advanced Blade Server Series 512X,Server
Extreme Networks,Scalable Security Appliance Series 511X,Firewall
Extreme Networks,Robust PoE Switch Series 789X,Switch
Extreme Networks,High Performance Routerboard Series 635X,Router
Extreme Networks,Advanced Edge Gateway Series 184X,Gateway
Extreme Networks,Ultra Edge Router Series 836X,Router
Extreme Networks,Enterprise NAS Storage Series 291X,Storage
Extreme Networks,Advanced Storage Unit Series 815X,Storage
Extreme Networks,Robust SAN Storage Array Series 487X,Storage
Extreme Networks,Secure Tower Server Series 818X,Server
Extreme Networks,High Performance Blade Server Series 938X,Server
Extreme Networks,Ultra Edge Router Series 415X,Router
Extreme Networks,Secure Rack Server Series 471X,Server
Extreme Networks,Robust Next-Gen Firewall Series 258X,Firewall
Extreme Networks,Secure Enterprise Router Series 865X,Router
Extreme Networks,Secure Edge Router Series 804X,Router
Extreme Networks,Secure Rack Server Series 939X,Server
Extreme Networks,Advanced SAN Storage Array Series 271X,Storage
VMware,Ultra Blade Server Series 441X,Server
VMware,Robust Services Gateway Series 163X,Gateway
VMware,Ultra NAS Storage Series 672X,Storage
VMware,Advanced Edge Router Series 444X,Router
VMware,High Performance Routerboard Series 673X,Router
VMware,Secure PoE Switch Series 672X,Switch
VMware,High Performance Enterprise Router Series 561X,Router
VMware,Robust Services Gateway Series 282X,Gateway
VMware,Enterprise Edge Gateway Series 218X,Gateway
VMware,Advanced Unified Threat Management Series 801X,Firewall
VMware,Scalable Blade Server Series 600X,Server
VMware,Scalable Edge Gateway Series 975X,Gateway
VMware,High Performance Edge Gateway Series 534X,Gateway
VMware,Advanced Ethernet Switch Series 462X,Switch
VMware,Ultra Ethernet Switch Series 807X,Switch
VMware,Enterprise Blade Server Series 799X,Server
VMware,Ultra Ethernet Switch Series 158X,Switch
VMware,Advanced Edge Router Series 406X,Router
VMware,Scalable PoE Switch Series 581X,Switch
VMware,High Performance Edge Gateway Series 389X,Gateway
VMware,Advanced PoE Switch Series 136X,Switch
VMware,Secure Security Appliance Series 634X,Firewall
VMware,Robust Edge Gateway Series 256X,Gateway
VMware,Advanced Security Gateway Series 799X,Gateway
VMware,Ultra Storage Unit Series 837X,Storage
VMware,Ultra Blade Server Series 663X,Server
VMware,Advanced Services Gateway Series 194X,Gateway
VMware,Robust Tower Server Series 406X,Server
VMware,Advanced Security Gateway Series 627X,Gateway
VMware,Secure Edge Gateway Series 280X,Gateway
VMware,Robust Tower Server Series 398X,Server
VMware,High Performance Unified Threat Management Series 316X,Firewall
VMware,Enterprise Services Gateway Series 118X,Gateway
VMware,Scalable Blade Server Series 258X,Server
VMware,Enterprise Rack Server Series 791X,Server
VMware,Scalable Security Gateway Series 510X,Gateway
VMware,Enterprise Edge Gateway Series 152X,Gateway
VMware,Scalable Tower Server Series 795X,Server
VMware,Secure Services Gateway Series 833X,Gateway
VMware,High Performance Edge Gateway Series 745X,Gateway
VMware,Enterprise Unified Threat Management Series 174X,Firewall
VMware,Enterprise Security Gateway Series 409X,Gateway
VMware,High Performance Gigabit Switch Series 222X,Switch
VMware,Ultra Blade Server Series 418X,Server
VMware,Advanced NAS Storage Series 968X,Storage
VMware,Advanced Next-Gen Firewall Series 850X,Firewall
VMware,Scalable Next-Gen Firewall Series 734X,Firewall
VMware,Scalable Blade Server Series 117X,Server
VMware,Robust PoE Switch Series 401X,Switch
VMware,High Performance Edge Router Series 854X,Router
IBM,Enterprise Tower Server Series 138X,Server
IBM,Secure Rack Server Series 879X,Server
IBM,Secure Rack Server Series 830X,Server
IBM,High Performance Blade Server Series 104X,Server
IBM,Scalable Rack Server Series 775X,Server
IBM,Ultra Security Appliance Series 729X,Firewall
IBM,Secure Edge Router Series 195X,Router
IBM,Enterprise Gigabit Switch Series 552X,Switch
IBM,Ultra Rack Server Series 311X,Server
IBM,Ultra Tower Server Series 685X,Server
IBM,Secure Rack Server Series 205X,Server
IBM,Enterprise Rack Server Series 611X,Server
IBM,Scalable Gigabit Switch Series 557X,Switch
IBM,Robust Ethernet Switch Series 406X,Switch
IBM,Robust Services Gateway Series 640X,Gateway
IBM,Enterprise Routerboard Series 809X,Router
IBM,Ultra Routerboard Series 552X,Router
IBM,Ultra Storage Unit Series 803X,Storage
IBM,Scalable Routerboard Series 887X,Router
IBM,Ultra Edge Router Series 294X,Router
IBM,Scalable Tower Server Series 845X,Server
IBM,Scalable Security Appliance Series 698X,Firewall
IBM,Advanced PoE Switch Series 426X,Switch
IBM,Advanced Edge Gateway Series 483X,Gateway
IBM,Advanced Ethernet Switch Series 490X,Switch
IBM,Scalable Next-Gen Firewall Series 445X,Firewall
IBM,Enterprise Services Gateway Series 821X,Gateway
IBM,High Performance Enterprise Router Series 820X,Router
IBM,Ultra Rack Server Series 108X,Server
IBM,Ultra Rack Server Series 957X,Server
IBM,Secure Services Gateway Series 111X,Gateway
IBM,Secure Routerboard Series 203X,Router
IBM,Enterprise Tower Server Series 272X,Server
IBM,Secure Security Gateway Series 792X,Gateway
IBM,Scalable Routerboard Series 205X,Router
IBM,Scalable Enterprise Router Series 678X,Router
IBM,Scalable NAS Storage Series 640X,Storage
IBM,Ultra Services Gateway Series 630X,Gateway
IBM,High Performance SAN Storage Array Series 112X,Storage
IBM,Scalable Rack Server Series 362X,Server
IBM,Secure Blade Server Series 580X,Server
IBM,Ultra Security Appliance Series 885X,Firewall
IBM,Robust Services Gateway Series 977X,Gateway
IBM,Scalable Security Gateway Series 479X,Gateway
IBM,Robust Blade Server Series 622X,Server
IBM,Enterprise Routerboard Series 947X,Router
IBM,Robust Routerboard Series 628X,Router
IBM,Scalable Next-Gen Firewall Series 165X,Firewall
IBM,Advanced NAS Storage Series 249X,Storage
IBM,Robust NAS Storage Series 412X,Storage
